Age_Group,Track_Completed,Mistake,Track_Time,count
< 18,0.4042609153077328,0.5860073645449764,51118.42745608328,3802
18-29,0.4367732558139535,0.5571220930232558,46149.82029950083,6880
30-44,0.4578226387887527,0.5371304974765682,44162.282677165356,2774
45-59,0.31332357247437775,0.677891654465593,42967.13084112149,683
60+,0.27510917030567683,0.7117903930131004,45954.87301587302,229
