Age_Group,Track_Completed,Mistake,Track_Time,count
< 18,0.639407598197038,0.3451384417256922,15286.302114803626,3106
18-29,0.6809303977272727,0.2995383522727273,16255.169752281618,5632
30-44,0.6867785939139559,0.2969569779643232,17367.585179526355,1906
45-59,0.6363636363636364,0.34710743801652894,18277.83116883117,363
60+,0.6906077348066298,0.292817679558011,9983.192,181
