Age_Group,Track_Completed,Mistake,Track_Time,count
< 18,0.5966578047854159,0.37675655146221043,34156.25970719287,2633
18-29,0.6445643793369313,0.34040092521202775,32054.92254784689,5188
30-44,0.6683391871550427,0.3146011038635223,32561.07282282282,1993
45-59,0.6495726495726496,0.33618233618233617,36975.491228070176,351
60+,0.49056603773584906,0.4528301886792453,26690.67948717949,159
