Age_Group,Track_Completed,Mistake,Track_Time,count
< 18,0.3590580554907904,0.6332478433201213,49322.2,4289
18-29,0.39003115264797505,0.6044859813084112,43918.20990415335,8025
30-44,0.36064593301435405,0.6333732057416268,44424.435323383084,3344
45-59,0.3284518828451883,0.6610878661087866,43483.984076433124,956
60+,0.3568281938325991,0.6387665198237885,41662.06172839506,227
