Age_Group,Track_Completed,Mistake,Track_Time,count
< 18,0.5762195121951219,0.4032012195121951,45442.201058201055,2624
18-29,0.6106508875739645,0.37140039447731754,42278.52939276486,5070
30-44,0.6043046357615894,0.36920529801324503,44627.3497716895,1812
45-59,0.5859872611464968,0.37261146496815284,45082.70652173913,314
60+,0.4727272727272727,0.503030303030303,35317.820512820515,165
