Age_Group,Track_Completed,Mistake,Track_Time,count
< 18,0.23246753246753246,0.7387012987012987,56727.025698324025,3850
18-29,0.2992136846461581,0.681473306662988,53110.86537574919,7249
30-44,0.28132809710817563,0.6947518743305963,51452.645939086295,2801
45-59,0.2483221476510067,0.7136465324384788,54094.59459459459,447
60+,0.3039647577092511,0.6828193832599119,43979.85507246377,227
