Age_Group,Track_Completed,Mistake,Track_Time,count
< 18,0.4432879637042968,0.5479049906591941,30886.21252257676,3747
18-29,0.46575731741972154,0.5298380221653879,27801.793471629044,7038
30-44,0.4761188416698007,0.5182399398270027,28982.26777251185,2659
45-59,0.3912310286677909,0.596964586846543,29732.633620689656,593
60+,0.27941176470588236,0.7169117647058824,18427.657894736843,544
