Relationship_Name,Track_Completed,Mistake,Track_Time,count
Obcy,0.39618027250494936,0.5979969721672296,48795.994121105236,8587
Znajomi,0.35630210887690045,0.6363413437959784,43155.59256710255,4078
Bliscy (rodzina/przyjaciele),0.27902621722846443,0.714107365792759,39237.604026845635,1602
Bardzo bliscy,0.3764568764568765,0.616938616938617,38984.92776057791,2574
