Relationship_Name,Track_Completed,Mistake,Track_Time,count
Obcy,0.622975804915222,0.3553057725281006,46159.26391437309,5249
Znajomi,0.5557801131770412,0.423605497170574,41629.440727272726,2474
Bliscy (rodzina/przyjaciele),0.534711964549483,0.43131462333825704,39580.32320441989,677
Bardzo bliscy,0.604416403785489,0.38170347003154576,38633.13152400835,1585
