Relationship_Name,Track_Completed,Mistake,Track_Time,count
Członek rodziny - członek rodziny,0.39618027250494936,0.5979969721672296,48795.994121105236,8587
Inna znacząca - Inna znacząca,0.38318777292576417,0.6118995633187773,38390.5,1832
Nieznajomy - Nieznajomy,0.3364485981308411,0.6612149532710281,43797.86111111111,428
Znajomy - Znajomy,0.3570420547558566,0.6356195314705052,43503.21976284585,3543
To skomplikowane,0.3092615259077927,0.6817625458996328,39224.3852242744,2451
