Relationship_Name,Track_Completed,Mistake,Track_Time,count
Członek rodziny - członek rodziny,0.622975804915222,0.3553057725281006,46159.26391437309,5249
Inna znacząca - Inna znacząca,0.6124684077506318,0.37320977253580456,37520.756533700136,1187
Nieznajomy - Nieznajomy,0.51985559566787,0.45126353790613716,42096.229166666664,277
Znajomy - Znajomy,0.5480072463768116,0.4311594202898551,41686.26280991735,2208
To skomplikowane,0.5770676691729323,0.3994360902255639,40389.695439739415,1064
