Relationship_Name,Track_Completed,Mistake,Track_Time,count
Obcy,0.4879310344827586,0.5058908045977012,31814.263250883392,6960
Znajomi,0.41010830324909747,0.5824308062575211,25524.920774647886,4155
Bliscy (rodzina/przyjaciele),0.43029087261785354,0.563691073219659,28301.16317016317,997
Bardzo bliscy,0.4293236127987039,0.5674362089914945,23726.322641509432,2469
