Relationship_Name,Track_Completed,Mistake,Track_Time,count
Członek rodziny - członek rodziny,0.670003451846738,0.31032102174663445,18126.58294693457,5794
Inna znacząca - Inna znacząca,0.7119645494830132,0.27326440177252587,13101.521784232365,1354
Nieznajomy - Nieznajomy,0.6007751937984496,0.3875968992248062,15112.94193548387,258
Znajomy - Znajomy,0.6566589684372595,0.32909930715935337,14439.513481828839,2598
To skomplikowane,0.6579391891891891,0.3217905405405405,14028.037227214378,1184
