Relationship_Name,Track_Completed,Mistake,Track_Time,count
Członek rodziny - członek rodziny,0.6656429942418426,0.3122840690978887,36122.53402537486,5210
Inna znacząca - Inna znacząca,0.6346015793251975,0.35534816941852115,26650.191176470587,1393
Nieznajomy - Nieznajomy,0.6414141414141414,0.3383838383838384,39104.5905511811,198
Znajomy - Znajomy,0.5849546044098574,0.4003458711629918,30701.231337767924,2313
To skomplikowane,0.5958677685950413,0.38016528925619836,26904.31761442441,1210
