Relationship_Name,Track_Completed,Mistake,Track_Time,count
Członek rodziny - członek rodziny,0.45721338453099286,0.5362040592430061,50124.83383323335,7292
Inna znacząca - Inna znacząca,0.3936112615051435,0.6025988088792636,39972.92434662999,1847
Nieznajomy - Nieznajomy,0.4272151898734177,0.5569620253164557,45134.955555555556,316
Znajomy - Znajomy,0.3958333333333333,0.5950520833333334,45447.16529605263,3072
To skomplikowane,0.3677349266702879,0.6246605105920695,41199.366322008864,1841
