Relationship_Name,Track_Completed,Mistake,Track_Time,count
Członek rodziny - członek rodziny,0.28695202379412904,0.6904176904176904,57017.88778729158,7733
Inna znacząca - Inna znacząca,0.29401408450704225,0.6907276995305164,48316.109780439125,1704
Nieznajomy - Nieznajomy,0.2644628099173554,0.7024793388429752,51305.90625,363
Znajomy - Znajomy,0.2479489516864175,0.7274384685505926,48936.450980392154,3291
To skomplikowane,0.26972353337828725,0.7006068779501011,49913.4375,1483
