Relationship_Name,Track_Completed,Mistake,Track_Time,count
Obcy,0.6656429942418426,0.3122840690978887,36122.53402537486,5210
Znajomi,0.5890305137118579,0.3947470065662418,30966.844590163935,2589
Bliscy (rodzina/przyjaciele),0.6128526645768025,0.3667711598746082,29600.434782608696,638
Bardzo bliscy,0.6195018547959724,0.3667196608373079,26230.644140290846,1887
