Relationship_Name,Track_Completed,Mistake,Track_Time,count
Obcy,0.45721338453099286,0.5362040592430061,50124.83383323335,7292
Znajomi,0.4032721010332951,0.5884041331802525,44992.303202846975,3484
Bliscy (rodzina/przyjaciele),0.4239401496259352,0.5635910224438903,45096.57941176471,802
Bardzo bliscy,0.36200716845878134,0.6326164874551972,39368.5504950495,2790
