Relationship_Name,Track_Completed,Mistake,Track_Time,count
Członek rodziny - członek rodziny,0.4879310344827586,0.5058908045977012,31814.263250883392,6960
Inna znacząca - Inna znacząca,0.43277777777777776,0.5638888888888889,23303.779204107832,1800
Nieznajomy - Nieznajomy,0.41472868217054265,0.5813953488372093,28036.59813084112,516
Znajomy - Znajomy,0.4205607476635514,0.5712616822429907,25610.102777777778,3424
To skomplikowane,0.40404040404040403,0.5911749069643807,25991.502631578947,1881
