Relationship_Name,Track_Completed,Mistake,Track_Time,count
Obcy,0.670003451846738,0.31032102174663445,18126.58294693457,5794
Znajomi,0.6527729934550465,0.33069238718567,14673.121899736148,2903
Bliscy (rodzina/przyjaciele),0.6342105263157894,0.3513157894736842,12580.410788381743,760
Bardzo bliscy,0.708838821490468,0.27671865973425763,13581.662591687042,1731
