Relationship_Name,Track_Completed,Mistake,Track_Time,count
Obcy,0.28695202379412904,0.6904176904176904,57017.88778729158,7733
Znajomi,0.24643640350877194,0.7275219298245614,49712.53170189099,3648
Bliscy (rodzina/przyjaciele),0.24943820224719102,0.7179775280898877,51405.923423423425,890
Bardzo bliscy,0.3004776378636561,0.6825879287885367,47580.312138728324,2303
